<?xml version="1.0" encoding="UTF-8"?><?xml-stylesheet type='text/xsl' href='_UpgradeReport_Files/UpgradeReport.xslt'?><UpgradeLog>
<Properties><Property Name="Solution" Value="cciEX">
</Property><Property Name="Solution File" Value="C:\Users\jmh_assoc\WSP4_Examples\Projects2008_64\cciEX\cciEX.sln">
</Property><Property Name="User Options File" Value="C:\Users\jmh_assoc\WSP4_Examples\Projects2008_64\cciEX\cciEX.suo">
</Property><Property Name="Date" Value="Monday, February 13, 2012">
</Property><Property Name="Time" Value="19:08 PM">
</Property></Properties><Event ErrorLevel="0" Project="" Source="cciEX.sln" Description="File successfully backed up as C:\Users\jmh_assoc\WSP4_Examples\Projects2008_64\cciEX\cciEX.sln.old">
</Event><Event ErrorLevel="0" Project="" Source="cciEX.suo" Description="File successfully backed up as C:\Users\jmh_assoc\WSP4_Examples\Projects2008_64\cciEX\cciEX.suo.old">
</Event><Event ErrorLevel="0" Project="cciEX" Source="cciEX.vcproj" Description="Converting project file 'C:\Users\jmh_assoc\WSP4_Examples\Projects2008_64\cciEX\cciEX.vcproj'.">
</Event><Event ErrorLevel="1" Project="cciEX" Source="cciEX.vcproj" Description="Failed to upgrade platform 'x64'. Please make sure you have it installed under '%vctargetspath%\platforms\x64'">
</Event><Event ErrorLevel="1" Project="cciEX" Source="cciEX.vcproj" Description="VCWebServiceProxyGeneratorTool is no longer supported. The tool has been removed from your project settings.">
</Event><Event ErrorLevel="1" Project="cciEX" Source="cciEX.vcproj" Description="Attribute 'Detect64BitPortabilityProblems' of 'VCCLCompilerTool' is not supported in this version and has been removed during conversion.">
</Event><Event ErrorLevel="1" Project="cciEX" Source="cciEX.vcproj" Description="Failed to upgrade 'Debug|x64'. Please make sure you have the corresponding platform installed under '%vctargetspath%\platforms\x64'">
</Event><Event ErrorLevel="1" Project="C:\Users\jmh_assoc\WSP4_Examples\Projects2008_64\cciEX\cciEX.vcproj" Source="" Description="Cannot load the project due to a corrupt project file.">
</Event><Event ErrorLevel="2" Project="cciEX" Source="cciEX.vcproj" Description="The project configuration dimension name/value &quot;(Platform, Win32)&quot; was not found in the project manifest.">
</Event><Event ErrorLevel="2" Project="C:\Users\jmh_assoc\WSP4_Examples\Projects2008_64\cciEX\cciEX.vcproj" Source="" Description="The following error has occurred during XML parsing:&#xA;&#xA;File: C:\Users\jmh_assoc\WSP4_Examples\Projects2008_64\cciEX\cciEX.vcproj&#xA;Line: 121&#xA;Column: 5&#xA;Error Message:&#xA;System error: -2147154677.&#xA;&#xA;The file 'C:\Users\jmh_assoc\WSP4_Examples\Projects2008_64\cciEX\cciEX.vcproj' has failed to load.">
</Event><Event ErrorLevel="2" Project="cciEX" Source="cciEX.vcproj" Description="Project upgrade failed.">
</Event><Event ErrorLevel="3" Project="cciEX" Source="cciEX.vcproj" Description="Not Converted">
</Event><Event ErrorLevel="0" Project="" Source="cciEX.sln" Description="Solution converted successfully">
</Event><Event ErrorLevel="3" Project="" Source="cciEX.sln" Description="Converted">
</Event></UpgradeLog>